{"cameraMode":{"drawMode":0,"name":"Shaded","section":"Shading Mode"},"sceneLighting":true,"audioPlay":false,"sceneViewState":{"m_AlwaysRefresh":false,"showFog":true,"showSkybox":true,"showFlares":true,"showImageEffects":true,"showParticleSystems":true,"showVisualEffectGraphs":true,"m_FxEnabled":true},"in2DMode":false,"pivot":{"x":0.04452991485595703,"y":5.740011215209961,"z":10.194366455078125},"rotation":{"x":0.4191880524158478,"y":-0.27182817459106448,"z":0.13314329087734223,"w":0.8559756278991699},"size":13.771736145019532,"orthographic":false}