{"cameraMode":{"drawMode":0,"name":"Shaded","section":"Shading Mode"},"sceneLighting":true,"audioPlay":false,"sceneViewState":{"m_AlwaysRefresh":false,"showFog":true,"showSkybox":true,"showFlares":true,"showImageEffects":true,"showParticleSystems":true,"showVisualEffectGraphs":true,"m_FxEnabled":true},"in2DMode":false,"pivot":{"x":2.7568230628967287,"y":-2.7875823974609377,"z":0.32731151580810549},"rotation":{"x":0.4839041829109192,"y":-0.3128505051136017,"z":0.1904783695936203,"w":0.7947908043861389},"size":7.755168437957764,"orthographic":false}