{"cameraMode":{"drawMode":0,"name":"Shaded","section":"Shading Mode"},"sceneLighting":false,"audioPlay":false,"sceneViewState":{"m_AlwaysRefresh":false,"showFog":true,"showSkybox":false,"showFlares":true,"showImageEffects":true,"showParticleSystems":true,"showVisualEffectGraphs":true,"m_FxEnabled":true},"in2DMode":false,"pivot":{"x":-0.07924330234527588,"y":-1.2382068634033204,"z":9.524785041809082},"rotation":{"x":-0.44596073031425478,"y":-0.01423286460340023,"z":0.007092407904565334,"w":-0.8949143886566162},"size":13.002296447753907,"orthographic":false}